iteration,MSE_trg,MSE_val,MSE_tst,acc_trg,acc_val,acc_tst,elapsed,
0,0.302958701,0.301904065,0.302577635,0.394021739,0.395962733,0.394641564,0.037254964,
10,0.120729691,0.122231046,0.122116565,0.730590062,0.72826087,0.727009413,0.175440418,
20,0.060282721,0.071194442,0.065975804,0.838509317,0.804347826,0.822592324,0.272815664,
30,0.031363302,0.038304147,0.035916735,0.920419255,0.908385093,0.914554671,0.367227217,
40,0.021847736,0.037155198,0.031056875,0.944875776,0.914596273,0.925416365,0.461995804,
50,0.018230795,0.034055164,0.032041613,0.952251553,0.913043478,0.918175235,0.55430751,
60,0.015939146,0.033458335,0.030338573,0.960791925,0.922360248,0.92903693,0.647514317,
70,0.014965446,0.03176213,0.031407843,0.96234472,0.925465839,0.927588704,0.739102449,
80,0.013729811,0.031497334,0.031096532,0.965450311,0.927018634,0.928312817,0.828274151,
90,0.013365213,0.030498683,0.030942803,0.966614907,0.930124224,0.92903693,0.918335362,
100,0.012519111,0.030155262,0.030405909,0.968555901,0.930124224,0.931209269,1.009332824,
110,0.01202693,0.030438382,0.029563025,0.970496894,0.928571429,0.931933382,1.098309774,
120,0.011751858,0.028668997,0.030160232,0.972049689,0.931677019,0.930485156,1.188655949,
130,0.011458993,0.029879514,0.030146209,0.973214286,0.930124224,0.930485156,1.27717713,
140,0.011211669,0.03018666,0.031010436,0.974767081,0.930124224,0.929761043,1.365249676,
150,0.010906818,0.031243935,0.031246595,0.974767081,0.928571429,0.931209269,1.45526132,
160,0.010606559,0.032081349,0.031612561,0.975543478,0.920807453,0.930485156,1.545070685,
170,0.010472354,0.033052266,0.03179327,0.973602484,0.920807453,0.92903693,1.633437897,
180,0.010360928,0.034676124,0.032769981,0.973990683,0.919254658,0.927588704,1.730964269,
190,0.010174182,0.034541834,0.032941075,0.974767081,0.919254658,0.926140478,1.82131957,
200,0.009983209,0.034117537,0.033055158,0.974378882,0.920807453,0.926864591,1.910373487,
210,0.009799566,0.034041919,0.03247203,0.974378882,0.922360248,0.931209269,2.001755113,
220,0.009632704,0.035191521,0.033021961,0.974767081,0.917701863,0.926864591,2.090441446,
230,0.00977478,0.034153311,0.033318067,0.974378882,0.919254658,0.926864591,2.184795715,
240,0.009472073,0.034657616,0.032841911,0.974767081,0.917701863,0.928312817,2.277936277,
250,0.009522791,0.034715353,0.033311828,0.976319876,0.917701863,0.926864591,2.368076841,
260,0.009298081,0.035515639,0.033147399,0.976708075,0.917701863,0.92903693,2.458472852,
270,0.009266902,0.035855409,0.033229461,0.976708075,0.914596273,0.926864591,2.546755612,
280,0.00921575,0.03574706,0.032586778,0.975931677,0.917701863,0.928312817,2.635448391,
290,0.009183076,0.035780491,0.032691148,0.975931677,0.917701863,0.92903693,2.723798871,
300,0.009202174,0.035841339,0.033024474,0.97515528,0.917701863,0.926864591,2.813945115,
310,0.009100875,0.034370883,0.033651233,0.975543478,0.920807453,0.927588704,2.912573166,
320,0.009075166,0.035204431,0.03303197,0.97515528,0.919254658,0.927588704,3.000623201,
330,0.009053213,0.035401405,0.033083475,0.975931677,0.919254658,0.927588704,3.091338697,
340,0.009010977,0.036032994,0.032997802,0.977096273,0.917701863,0.929761043,3.187221756,
350,0.008980833,0.035674819,0.033258651,0.976708075,0.919254658,0.928312817,3.278086455,
360,0.008894769,0.035084057,0.032927414,0.977096273,0.920807453,0.930485156,3.367638824,
370,0.008850824,0.035231514,0.032982014,0.976708075,0.920807453,0.928312817,3.459331146,
380,0.008846809,0.035317667,0.032302458,0.977484472,0.917701863,0.929761043,3.547176491,
390,0.009003069,0.035398861,0.032179443,0.975931677,0.917701863,0.92903693,3.637593266,
400,0.008733955,0.035466597,0.032275045,0.976708075,0.916149068,0.930485156,3.728519213,
410,0.008708,0.035493588,0.032204059,0.977096273,0.914596273,0.931933382,3.819917076,
420,0.008672492,0.035255003,0.032165042,0.976708075,0.914596273,0.930485156,3.908179131,
430,0.008658085,0.03518725,0.031954597,0.977096273,0.914596273,0.932657495,3.998257518,
440,0.008676751,0.034729294,0.031658343,0.975931677,0.916149068,0.931209269,4.088795008,
450,0.008632458,0.034738831,0.031502311,0.977484472,0.916149068,0.931933382,4.180331818,
460,0.008621141,0.034764308,0.031515308,0.977096273,0.916149068,0.931933382,4.269806812,
470,0.008805704,0.034782239,0.03148593,0.976708075,0.916149068,0.931933382,4.363662139,
480,0.008566744,0.034053521,0.031473654,0.977096273,0.917701863,0.931933382,4.454068993,
490,0.008583474,0.034067769,0.033078994,0.975931677,0.917701863,0.926864591,4.545397006,
500,0.008522319,0.034099105,0.033237994,0.975931677,0.917701863,0.928312817,4.635585809,
510,0.008501623,0.0340235,0.033595145,0.977096273,0.917701863,0.92903693,4.725394539,
520,0.008462922,0.034074273,0.033636165,0.977096273,0.917701863,0.927588704,4.81547817,
530,0.008426292,0.034091282,0.033357834,0.977096273,0.917701863,0.928312817,4.909071271,
540,0.008410098,0.034064338,0.033565303,0.976319876,0.917701863,0.927588704,4.997992244,
550,0.008427989,0.034086095,0.033284395,0.975931677,0.917701863,0.92903693,5.09022164,
560,0.008396466,0.034128035,0.033361367,0.975543478,0.917701863,0.926864591,5.1813119,
570,0.008378078,0.033326161,0.033446107,0.975543478,0.919254658,0.926140478,5.273266249,
580,0.008343246,0.033348086,0.033746267,0.976319876,0.919254658,0.92903693,5.364327655,
590,0.008527314,0.033362959,0.033655415,0.974767081,0.919254658,0.926140478,5.454332629,
600,0.008449663,0.032848213,0.034315499,0.975543478,0.922360248,0.926864591,5.544655958,
610,0.008502177,0.032841264,0.034282746,0.975543478,0.922360248,0.926864591,5.637861386,
620,0.008290095,0.032782052,0.033837494,0.976319876,0.922360248,0.927588704,5.730003176,
630,0.008255648,0.032739803,0.034074185,0.976319876,0.922360248,0.925416365,5.821223707,
640,0.008252383,0.032758302,0.034110353,0.977484472,0.922360248,0.925416365,5.913412753,
650,0.008249666,0.032804361,0.034084133,0.977484472,0.922360248,0.925416365,6.003456502,
660,0.008449538,0.03283289,0.033677514,0.976708075,0.922360248,0.926864591,6.092857245,
670,0.008215393,0.032843975,0.034374341,0.976708075,0.922360248,0.924692252,6.182719777,
680,0.008215007,0.032794227,0.034315477,0.976319876,0.922360248,0.924692252,6.276233658,
690,0.008250673,0.032806835,0.034273808,0.976319876,0.922360248,0.926864591,6.369360199,
700,0.008195149,0.032790274,0.034274977,0.976708075,0.922360248,0.926864591,6.45835141,
710,0.0081838,0.03279969,0.03429118,0.977096273,0.922360248,0.927588704,6.55131435,
720,0.008178898,0.032801449,0.034082873,0.976708075,0.922360248,0.924692252,6.640627771,
730,0.008339279,0.032809928,0.034391689,0.976319876,0.922360248,0.924692252,6.73243791,
740,0.008159666,0.032851837,0.034388485,0.976708075,0.922360248,0.924692252,6.824749172,
750,0.008160302,0.032851443,0.034360221,0.977484472,0.922360248,0.926140478,6.915119696,
760,0.008156122,0.032853357,0.033928359,0.976708075,0.922360248,0.925416365,7.005554348,
770,0.00815786,0.032826104,0.033924714,0.977096273,0.922360248,0.926864591,7.096660764,
780,0.008114503,0.032835328,0.033737865,0.977484472,0.923913043,0.927588704,7.186873143,
790,0.008115088,0.032811992,0.033649233,0.977872671,0.923913043,0.928312817,7.27710379,
800,0.008114602,0.032853887,0.033874032,0.977872671,0.923913043,0.926864591,7.367633002,
810,0.008178377,0.03289253,0.033610878,0.977484472,0.922360248,0.926864591,7.459151906,
820,0.008118803,0.032949715,0.033498168,0.977484472,0.920807453,0.924692252,7.54865784,
830,0.008041123,0.033018396,0.03350874,0.977484472,0.920807453,0.925416365,7.638840084,
840,0.008032508,0.033045801,0.033701337,0.97826087,0.920807453,0.926864591,7.728380613,
850,0.008019822,0.033077386,0.033715641,0.97826087,0.919254658,0.926140478,7.81970567,
860,0.008015223,0.033099142,0.033822737,0.977872671,0.919254658,0.925416365,7.911448859,
870,0.008005612,0.033064269,0.033846832,0.97826087,0.919254658,0.926864591,8.003132327,
880,0.008000657,0.033095272,0.033875171,0.97826087,0.919254658,0.926864591,8.091845884,
890,0.008079135,0.033123933,0.033913981,0.977872671,0.919254658,0.925416365,8.182853359,
900,0.007995094,0.033131634,0.033903782,0.977872671,0.919254658,0.925416365,8.276258768,
910,0.007994069,0.033145068,0.033820874,0.977872671,0.919254658,0.925416365,8.367913704,
920,0.007999942,0.033175844,0.033309561,0.97826087,0.919254658,0.926140478,8.459194379,
930,0.007987214,0.033173106,0.033010974,0.97826087,0.919254658,0.927588704,8.549929373,
940,0.007986272,0.033206926,0.03303748,0.977484472,0.919254658,0.926864591,8.640378794,
950,0.007976522,0.033211988,0.033064495,0.97826087,0.919254658,0.926864591,8.730030505,
960,0.007974793,0.033216306,0.033067072,0.97826087,0.919254658,0.926864591,8.824771224,
970,0.007965864,0.033209481,0.032837091,0.977872671,0.919254658,0.926864591,8.918077225,
980,0.007952569,0.033236747,0.033122377,0.97826087,0.919254658,0.928312817,9.009251693,
990,0.007943657,0.033259474,0.03310712,0.97826087,0.919254658,0.92903693,9.104332015,
1000,0.007935613,0.033282466,0.0327563,0.97826087,0.919254658,0.927588704,9.194533375,
1010,0.008123775,0.03327379,0.033135276,0.977484472,0.919254658,0.924692252,9.285393983,
1020,0.007930215,0.033992992,0.033458765,0.97826087,0.917701863,0.926864591,9.375263964,
1030,0.007916885,0.033812084,0.033464728,0.977872671,0.917701863,0.925416365,9.469376043,
1040,0.008107646,0.033504549,0.033089256,0.977872671,0.919254658,0.928312817,9.558892837,
1050,0.007907569,0.033343306,0.032959491,0.97826087,0.919254658,0.927588704,9.649603504,
1060,0.00789882,0.033352706,0.032995187,0.97826087,0.919254658,0.927588704,9.739391339,
1070,0.007898384,0.033381499,0.033032066,0.978649068,0.919254658,0.926864591,9.830514033,
1080,0.007880948,0.033400808,0.032353743,0.97826087,0.919254658,0.927588704,9.921820155,
1090,0.007870549,0.033389954,0.032310624,0.978649068,0.919254658,0.928312817,10.01373907,
1100,0.00786769,0.033418368,0.031932163,0.978649068,0.919254658,0.929761043,10.10493206,
1110,0.00786161,0.033430659,0.031951671,0.977872671,0.920807453,0.926864591,10.19991501,
1120,0.007930335,0.033428263,0.031990808,0.977872671,0.920807453,0.928312817,10.29098348,
1130,0.007848548,0.033424768,0.03203436,0.97826087,0.919254658,0.928312817,10.38153969,
1140,0.007981697,0.033378516,0.032015682,0.977872671,0.919254658,0.92903693,10.47269031,
1150,0.007856734,0.032561993,0.031967516,0.978649068,0.920807453,0.929761043,10.56465788,
1160,0.007825915,0.032501124,0.032026899,0.978649068,0.920807453,0.930485156,10.65641431,
1170,0.008469096,0.031715221,0.032380719,0.976708075,0.922360248,0.928312817,10.7471269,
1180,0.007811664,0.032486166,0.032032169,0.978649068,0.920807453,0.92903693,10.84385454,
1190,0.007813997,0.032475297,0.032036426,0.978649068,0.920807453,0.92903693,10.93504045,
1200,0.007816539,0.032437105,0.03200061,0.97826087,0.920807453,0.926864591,11.02436563,
1210,0.007813759,0.031661039,0.031980202,0.978649068,0.923913043,0.92903693,11.11646516,
1220,0.008281104,0.032429001,0.032344188,0.977484472,0.922360248,0.92903693,11.20647593,
1230,0.008006805,0.032395445,0.031638876,0.97826087,0.922360248,0.928312817,11.29648299,
1240,0.007810599,0.032414163,0.031645313,0.978649068,0.922360248,0.930485156,11.38700149,
1250,0.007808578,0.032403837,0.031627633,0.978649068,0.922360248,0.92903693,11.47627743,
1260,0.007802792,0.032390382,0.031558413,0.978649068,0.922360248,0.92903693,11.56696638,
1270,0.007802362,0.032376321,0.031199552,0.978649068,0.922360248,0.929761043,11.65964819,
1280,0.007803574,0.032369729,0.031202591,0.978649068,0.922360248,0.929761043,11.75277562,
1290,0.007803372,0.032362266,0.031173317,0.978649068,0.922360248,0.931209269,11.84340778,
1300,0.007806357,0.03174326,0.031515892,0.978649068,0.923913043,0.92903693,11.93388784,
1310,0.007802793,0.031583216,0.031513392,0.978649068,0.923913043,0.929761043,12.02309991,
1320,0.007802227,0.031575989,0.031524257,0.978649068,0.923913043,0.929761043,12.11381295,
1330,0.007801936,0.031567583,0.031802776,0.978649068,0.923913043,0.930485156,12.20500024,
1340,0.007801328,0.031572804,0.031841479,0.97826087,0.923913043,0.928312817,12.29498034,
1350,0.007797968,0.031562269,0.031827538,0.978649068,0.923913043,0.930485156,12.38567831,
1360,0.007797341,0.031570462,0.031840455,0.978649068,0.923913043,0.92903693,12.48471547,
1370,0.007794051,0.031568126,0.031830225,0.977872671,0.923913043,0.927588704,12.58153126,
1380,0.007990556,0.031564968,0.031839112,0.977484472,0.923913043,0.927588704,12.67071073,
1390,0.007794317,0.031568566,0.03181405,0.97826087,0.923913043,0.931209269,12.76229539,
1400,0.007785601,0.031570224,0.031779203,0.977872671,0.923913043,0.928312817,12.85507986,
1410,0.007786679,0.031576408,0.031762306,0.977872671,0.923913043,0.928312817,12.94534494,
1420,0.007783797,0.031602237,0.031775365,0.977872671,0.923913043,0.928312817,13.03437241,
1430,0.007780152,0.031634892,0.031754421,0.97826087,0.923913043,0.929761043,13.12465929,
1440,0.007773628,0.031713414,0.031720264,0.97826087,0.923913043,0.92903693,13.21699668,
1450,0.007770579,0.031731871,0.031733571,0.97826087,0.923913043,0.930485156,13.30768764,
1460,0.007768413,0.031754783,0.03175664,0.977872671,0.923913043,0.927588704,13.39711622,
1470,0.008349922,0.03173024,0.031759972,0.977096273,0.923913043,0.930485156,13.49109611,
1480,0.007765175,0.031684976,0.031743246,0.97826087,0.925465839,0.930485156,13.58313348,
1490,0.007762726,0.031669431,0.03173859,0.97826087,0.925465839,0.92903693,13.67545883,
1500,0.007759164,0.03165483,0.03177297,0.977872671,0.925465839,0.927588704,13.77106457,
1510,0.007683864,0.031558994,0.031784564,0.978649068,0.925465839,0.930485156,13.86353124,
1520,0.007680164,0.031591429,0.031843824,0.978649068,0.925465839,0.929761043,13.95336677,
1530,0.007683533,0.031632265,0.031906239,0.978649068,0.925465839,0.92903693,14.04436469,
1540,0.007685846,0.03166098,0.031923533,0.979037267,0.925465839,0.92903693,14.13613632,
1550,0.007711624,0.031663758,0.032231841,0.978649068,0.925465839,0.928312817,14.22606978,
1560,0.007692,0.031671282,0.03226328,0.97826087,0.925465839,0.926140478,14.31736911,
1570,0.007687567,0.031618846,0.032265344,0.978649068,0.925465839,0.928312817,14.40892136,
1580,0.00787159,0.031524492,0.032289232,0.97826087,0.925465839,0.929761043,14.49906291,
1590,0.007869467,0.03144005,0.032281115,0.978649068,0.925465839,0.930485156,14.58837463,
1600,0.007670159,0.031466244,0.032288311,0.979037267,0.925465839,0.930485156,14.67916443,
1610,0.007774598,0.031555688,0.032298009,0.978649068,0.925465839,0.930485156,14.76948169,
1620,0.007675525,0.031547185,0.032273862,0.97826087,0.927018634,0.930485156,14.8607529,
1630,0.007869068,0.031532669,0.03223904,0.978649068,0.927018634,0.930485156,14.95354492,
1640,0.007866658,0.031522356,0.032216008,0.97826087,0.927018634,0.930485156,15.0429046,
1650,0.007670339,0.0315094,0.032239485,0.979037267,0.927018634,0.930485156,15.13167513,
1660,0.007669175,0.031516168,0.032603998,0.978649068,0.927018634,0.929761043,15.22019328,
1670,0.007665739,0.031516887,0.032608012,0.979037267,0.927018634,0.929761043,15.31057249,
1680,0.00766392,0.031495092,0.032622037,0.979037267,0.927018634,0.929761043,15.40363513,
1690,0.007664498,0.031528377,0.032631855,0.978649068,0.927018634,0.929761043,15.49523051,
1700,0.007856706,0.031527155,0.032580591,0.97826087,0.927018634,0.929761043,15.59137148,
1710,0.007660747,0.031535764,0.032449102,0.978649068,0.927018634,0.929761043,15.68399833,
1720,0.007659132,0.031538325,0.032334951,0.97826087,0.927018634,0.930485156,15.77291908,
1730,0.007658329,0.032316928,0.03231668,0.979037267,0.925465839,0.930485156,15.87437029,
1740,0.007655762,0.032318719,0.032328043,0.979037267,0.925465839,0.930485156,15.96425942,
1750,0.007655902,0.03230453,0.032326921,0.979037267,0.925465839,0.930485156,16.06043199,
1760,0.007654743,0.032312973,0.032347179,0.979037267,0.925465839,0.929761043,16.15019726,
1770,0.007653907,0.032330112,0.032373008,0.979037267,0.925465839,0.929761043,16.24018134,
1780,0.007653891,0.032327349,0.032371289,0.979037267,0.925465839,0.929761043,16.33121122,
1790,0.007653772,0.032327429,0.032380053,0.979037267,0.925465839,0.929761043,16.42317315,
1800,0.007652738,0.032311621,0.03237775,0.979037267,0.925465839,0.929761043,16.5153376,
1810,0.007654056,0.032306217,0.032376807,0.979037267,0.923913043,0.929761043,16.60593381,
1820,0.007653898,0.032306837,0.032373883,0.979037267,0.923913043,0.929761043,16.69565866,
1830,0.00765225,0.032308539,0.032382838,0.979037267,0.923913043,0.929761043,16.78824346,
1840,0.007647575,0.03230326,0.032404012,0.979037267,0.923913043,0.929761043,16.87982968,
1850,0.007718698,0.032314326,0.032421197,0.978649068,0.923913043,0.929761043,16.97208265,
1860,0.007642357,0.032306371,0.032427864,0.979037267,0.925465839,0.929761043,17.06333777,
1870,0.007641769,0.032286098,0.032427204,0.979037267,0.923913043,0.929761043,17.15705903,
1880,0.007640026,0.032216461,0.032429345,0.979037267,0.925465839,0.929761043,17.2491756,
1890,0.007641129,0.03218246,0.032430909,0.979037267,0.925465839,0.929761043,17.34049835,
1900,0.007640859,0.032155052,0.032421451,0.979037267,0.925465839,0.929761043,17.42995565,
1910,0.007639913,0.032180165,0.032785911,0.979037267,0.925465839,0.92903693,17.52408645,
1920,0.007639567,0.032677353,0.032770571,0.979037267,0.925465839,0.92903693,17.61358334,
1930,0.007637927,0.03215772,0.033145099,0.979037267,0.927018634,0.928312817,17.70873832,
1940,0.007639193,0.033639118,0.03350952,0.979037267,0.923913043,0.927588704,17.79831058,
1950,0.007636463,0.033635319,0.033510381,0.979037267,0.923913043,0.928312817,17.891567,
1960,0.007633779,0.033637063,0.033524083,0.979037267,0.923913043,0.927588704,17.9818386,
1970,0.007629151,0.033635595,0.033529903,0.979037267,0.923913043,0.927588704,18.0737819,
1980,0.007630046,0.033649829,0.033536428,0.979037267,0.922360248,0.927588704,18.16746764,
1990,0.0076332,0.033665708,0.033536713,0.979037267,0.922360248,0.926140478,18.25954621,
2000,0.007634341,0.033657473,0.033536003,0.979037267,0.922360248,0.926140478,18.34932843,
2010,0.007631327,0.033660963,0.033542596,0.979425466,0.922360248,0.927588704,18.44111329,
2020,0.007629068,0.033645925,0.03352806,0.979425466,0.923913043,0.927588704,18.5313484,
2030,0.007626081,0.033650329,0.033519324,0.979425466,0.923913043,0.928312817,18.62203387,
2040,0.007623549,0.033657527,0.033544148,0.979425466,0.923913043,0.927588704,18.71322561,
2050,0.007621729,0.033670281,0.033546846,0.979425466,0.922360248,0.928312817,18.80246451,
2060,0.007621931,0.03365427,0.033479642,0.979425466,0.922360248,0.928312817,18.89567858,
2070,0.00781529,0.033646334,0.033168388,0.978649068,0.922360248,0.928312817,18.98645602,
2080,0.007620174,0.033636203,0.033178674,0.979037267,0.922360248,0.928312817,19.07905676,
2090,0.007617821,0.033630438,0.033178629,0.979425466,0.922360248,0.928312817,19.16985594,
2100,0.007618081,0.033646488,0.033191917,0.979425466,0.922360248,0.928312817,19.25930356,
2110,0.007617588,0.0344354,0.033200873,0.979425466,0.920807453,0.928312817,19.35052518,
2120,0.007617647,0.034431842,0.033186649,0.979813665,0.922360248,0.92903693,19.44007851,
2130,0.007619585,0.034442385,0.033194559,0.979813665,0.922360248,0.928312817,19.53127034,
2140,0.007617024,0.03443996,0.033196223,0.979813665,0.920807453,0.928312817,19.62211699,
2150,0.007616924,0.034432484,0.033190033,0.979425466,0.920807453,0.928312817,19.71418981,
2160,0.007616843,0.034423705,0.033175713,0.979813665,0.922360248,0.928312817,19.80554902,
2170,0.007614574,0.034420401,0.033175759,0.979813665,0.922360248,0.928312817,19.89615605,
2180,0.007607293,0.034423039,0.033160225,0.979813665,0.920807453,0.92903693,19.98699455,
2190,0.007589815,0.034424506,0.03310436,0.980201863,0.922360248,0.92903693,20.07867154,
2200,0.007600802,0.034447956,0.033159305,0.979813665,0.920807453,0.928312817,20.16993632,
2210,0.007600055,0.034450165,0.03315624,0.979813665,0.920807453,0.92903693,20.26257405,
2220,0.00759829,0.034450604,0.033164177,0.980201863,0.920807453,0.92903693,20.35187431,
2230,0.007599516,0.033678594,0.033169571,0.979813665,0.922360248,0.92903693,20.44186019,
2240,0.00759941,0.03368626,0.033166683,0.979813665,0.922360248,0.92903693,20.53070917,
2250,0.007597836,0.033691986,0.033527339,0.979813665,0.922360248,0.928312817,20.62334336,
2260,0.007791723,0.033691496,0.033528725,0.979813665,0.922360248,0.928312817,20.71452601,
2270,0.007597286,0.033693783,0.033528345,0.980201863,0.922360248,0.928312817,20.80476027,
2280,0.007598057,0.033695721,0.033529657,0.980201863,0.922360248,0.928312817,20.89933383,
2290,0.007597225,0.033695431,0.033530255,0.980201863,0.922360248,0.928312817,20.99039095,
2300,0.007598462,0.032922218,0.03353174,0.980201863,0.923913043,0.928312817,21.08047072,
2310,0.007599076,0.032927123,0.033529856,0.980201863,0.923913043,0.928312817,21.17270645,
2320,0.007598863,0.032925692,0.033530927,0.980201863,0.923913043,0.928312817,21.26145213,
2330,0.00759855,0.032929732,0.033531058,0.980201863,0.923913043,0.928312817,21.35314426,
2340,0.007598402,0.03293117,0.033532062,0.980201863,0.923913043,0.928312817,21.44453042,
2350,0.007598132,0.032931877,0.033534314,0.980201863,0.923913043,0.928312817,21.53533659,
2360,0.007598453,0.032935625,0.033533987,0.980201863,0.923913043,0.928312817,21.62654302,
2370,0.007598279,0.032936384,0.033898538,0.980201863,0.923913043,0.927588704,21.71720367,
2380,0.007598242,0.032938419,0.033535366,0.980201863,0.923913043,0.928312817,21.80857534,
2390,0.007598175,0.032941226,0.033534961,0.980201863,0.923913043,0.928312817,21.89961094,
2400,0.007597228,0.032936377,0.033888643,0.980201863,0.923913043,0.927588704,21.99133575,
2410,0.007597258,0.032938016,0.033527944,0.980201863,0.923913043,0.928312817,22.08083139,
2420,0.00759672,0.032932094,0.033891871,0.980201863,0.923913043,0.927588704,22.17163901,
2430,0.007596747,0.032929258,0.033168274,0.980201863,0.923913043,0.92903693,22.26430415,
2440,0.007596273,0.032895336,0.033527636,0.980201863,0.923913043,0.928312817,22.3540511,
2450,0.007594752,0.032889946,0.033534006,0.980201863,0.923913043,0.928312817,22.44623951,
2460,0.007595209,0.032885072,0.03354125,0.980201863,0.923913043,0.928312817,22.53738494,
2470,0.007594899,0.032824652,0.033537208,0.980201863,0.923913043,0.928312817,22.629667,
2480,0.007593932,0.032626129,0.033897714,0.980201863,0.923913043,0.927588704,22.71954136,
2490,0.007824139,0.032475487,0.034113555,0.979425466,0.923913043,0.926864591,22.81090698,
2500,0.007593995,0.03231897,0.033893723,0.980201863,0.925465839,0.927588704,22.90350385,
2510,0.007594056,0.032242095,0.033897576,0.980201863,0.925465839,0.927588704,22.99365074,
2520,0.007593866,0.032186089,0.033899151,0.980201863,0.925465839,0.927588704,23.08447073,
2530,0.007593578,0.032175088,0.033898917,0.980201863,0.925465839,0.927588704,23.17618426,
2540,0.007593426,0.032174996,0.033534338,0.980201863,0.925465839,0.928312817,23.26541066,
2550,0.007592941,0.032180922,0.033537284,0.980201863,0.925465839,0.928312817,23.35724086,
2560,0.007592733,0.032179852,0.033534929,0.980201863,0.925465839,0.928312817,23.45010852,
2570,0.007592417,0.032176401,0.033887027,0.980201863,0.925465839,0.927588704,23.54063294,
2580,0.007592065,0.03217822,0.033890882,0.980201863,0.925465839,0.927588704,23.62996259,
2590,0.007591628,0.032173459,0.033526041,0.980201863,0.925465839,0.928312817,23.72244238,
2600,0.00759167,0.03217621,0.033524165,0.980201863,0.925465839,0.928312817,23.81186619,
2610,0.007525017,0.032181199,0.033525282,0.980590062,0.925465839,0.928312817,23.90260318,
2620,0.007519307,0.032183298,0.033527877,0.980590062,0.925465839,0.928312817,23.99474941,
2630,0.007518854,0.032171381,0.033503939,0.980590062,0.925465839,0.928312817,24.08538537,
2640,0.007515352,0.032161134,0.03386753,0.980590062,0.925465839,0.927588704,24.17668541,
2650,0.007511891,0.03215025,0.033473263,0.980201863,0.925465839,0.92903693,24.2678603,
2660,0.007505784,0.032142693,0.033435855,0.979813665,0.925465839,0.928312817,24.35737739,
2670,0.007504427,0.032166088,0.033448121,0.979425466,0.925465839,0.926140478,24.45336612,
2680,0.007495573,0.032181301,0.03349598,0.979425466,0.925465839,0.925416365,24.54951249,
2690,0.00748927,0.032179973,0.033497882,0.979425466,0.925465839,0.925416365,24.64228998,
2700,0.007490383,0.032187887,0.033508895,0.979425466,0.925465839,0.925416365,24.73359869,
2710,0.007487125,0.032187324,0.033539742,0.979037267,0.925465839,0.925416365,24.82483309,
2720,0.007485169,0.032205547,0.033605192,0.978649068,0.925465839,0.925416365,24.9150775,
2730,0.007481164,0.032261409,0.03360965,0.979037267,0.925465839,0.925416365,25.00467129,
2740,0.007478104,0.032971538,0.033609617,0.979037267,0.923913043,0.925416365,25.09516324,
2750,0.007477946,0.03375592,0.033260218,0.979037267,0.922360248,0.926140478,25.18672257,
2760,0.007477302,0.033842197,0.032895759,0.979037267,0.922360248,0.927588704,25.2792018,
2770,0.00747661,0.033958658,0.033254163,0.979037267,0.922360248,0.926864591,25.36928988,
2780,0.007476693,0.034030672,0.033248283,0.979037267,0.920807453,0.926864591,25.45931288,
2790,0.007475964,0.034069527,0.032889226,0.979037267,0.920807453,0.927588704,25.55071309,
2800,0.007475764,0.034082679,0.032894209,0.979037267,0.920807453,0.927588704,25.64680558,
2810,0.007669228,0.034100815,0.032892618,0.978649068,0.920807453,0.927588704,25.74597356,
2820,0.007475289,0.03412257,0.032888047,0.979037267,0.920807453,0.927588704,25.83653995,
2830,0.007475021,0.034153496,0.032895769,0.979037267,0.920807453,0.927588704,25.92831753,
2840,0.007475302,0.034170148,0.032893594,0.979037267,0.920807453,0.927588704,26.01883596,
2850,0.007474854,0.034179628,0.032887572,0.979037267,0.920807453,0.927588704,26.10867369,
2860,0.007474186,0.034199513,0.032883682,0.979037267,0.920807453,0.927588704,26.20137445,
2870,0.007473784,0.034209011,0.032880813,0.979037267,0.920807453,0.927588704,26.29244851,
2880,0.007473356,0.034218311,0.032886274,0.979037267,0.920807453,0.927588704,26.38336267,
2890,0.007473705,0.034240885,0.032885671,0.979037267,0.920807453,0.927588704,26.47508382,
2900,0.007473547,0.034255117,0.032886011,0.979037267,0.920807453,0.926864591,26.57075595,
2910,0.007473673,0.03425307,0.032882788,0.979037267,0.920807453,0.926864591,26.66344105,
2920,0.007473729,0.034249977,0.032882648,0.979037267,0.920807453,0.927588704,26.7523016,
2930,0.007473417,0.034248618,0.032881408,0.979037267,0.920807453,0.927588704,26.84425814,
2940,0.007473238,0.034251778,0.033245239,0.979037267,0.920807453,0.926864591,26.93494895,
2950,0.007472904,0.034277249,0.033247064,0.979037267,0.920807453,0.926864591,27.02421677,
2960,0.007472308,0.034296302,0.033244723,0.979037267,0.920807453,0.926864591,27.11350796,
2970,0.007472115,0.034329228,0.033247452,0.979037267,0.920807453,0.926864591,27.20567463,
2980,0.008636587,0.035139143,0.033608402,0.976708075,0.919254658,0.925416365,27.29631361,
2990,0.007472393,0.03517007,0.03324012,0.979037267,0.919254658,0.926140478,27.38730186,
3000,0.007473149,0.035183893,0.033237467,0.979037267,0.919254658,0.926140478,27.47760294,
3010,0.00747262,0.035222044,0.03324157,0.979037267,0.919254658,0.926140478,27.5678678,
3020,0.007471828,0.035274826,0.033247346,0.979037267,0.919254658,0.926140478,27.66438844,
3030,0.007470752,0.035291744,0.033261612,0.979037267,0.919254658,0.926140478,27.75706931,
3040,0.007471047,0.035290824,0.03325995,0.979037267,0.919254658,0.926140478,27.8472021,
3050,0.007471034,0.035289422,0.033262011,0.979037267,0.919254658,0.925416365,27.93794847,
3060,0.007470857,0.0352897,0.033262896,0.979037267,0.919254658,0.925416365,28.02707701,
3070,0.007470541,0.035306074,0.03326234,0.979037267,0.919254658,0.925416365,28.11978133,
3080,0.007469754,0.035308391,0.033265676,0.979037267,0.919254658,0.925416365,28.21164339,
3090,0.007465453,0.035306879,0.033260498,0.979037267,0.919254658,0.925416365,28.30213965,
3100,0.007470024,0.035360822,0.033282579,0.978649068,0.919254658,0.926140478,28.39277552,
3110,0.007465428,0.035231117,0.033247796,0.979037267,0.919254658,0.926140478,28.48317999,
3120,0.00746442,0.034536513,0.033246989,0.979037267,0.920807453,0.925416365,28.57901922,
3130,0.007462261,0.034534951,0.03325413,0.979037267,0.920807453,0.925416365,28.66981341,
3140,0.007460324,0.034534189,0.033273688,0.979037267,0.920807453,0.926140478,28.7597566,
3150,0.007459415,0.034536542,0.033255102,0.979037267,0.920807453,0.925416365,28.85726904,
3160,0.007459152,0.034532939,0.033247451,0.979037267,0.920807453,0.924692252,28.94633495,
3170,0.007458931,0.034527679,0.033248663,0.979037267,0.920807453,0.924692252,29.03762415,
3180,0.007457922,0.034521699,0.033250534,0.979037267,0.920807453,0.924692252,29.13276757,
3190,0.007458026,0.034508845,0.033245103,0.979425466,0.920807453,0.924692252,29.22183207,
3200,0.007457291,0.03451252,0.033249819,0.979425466,0.920807453,0.924692252,29.31516414,
3210,0.007456409,0.034528981,0.033258782,0.979425466,0.920807453,0.924692252,29.40702681,
3220,0.007455672,0.034648938,0.033259416,0.979425466,0.920807453,0.924692252,29.49757873,
3230,0.007454501,0.035150042,0.033261313,0.979425466,0.919254658,0.924692252,29.58848545,
3240,0.007453535,0.0350887,0.033271002,0.979425466,0.919254658,0.924692252,29.67726987,
3250,0.007452874,0.034389653,0.033275012,0.979425466,0.920807453,0.924692252,29.7682543,
3260,0.007452882,0.034183946,0.033276868,0.979425466,0.920807453,0.924692252,29.85821456,
3270,0.007451615,0.033887096,0.033284353,0.979425466,0.922360248,0.924692252,29.94979671,
3280,0.007449618,0.033839138,0.033269112,0.979425466,0.922360248,0.926140478,30.0439867,
3290,0.007449077,0.034174146,0.033280591,0.979425466,0.920807453,0.924692252,30.13639371,
3300,0.007449544,0.034374942,0.033292174,0.979425466,0.920807453,0.924692252,30.22978839,
3310,0.007448803,0.033800925,0.033286124,0.979425466,0.922360248,0.924692252,30.31880928,
3320,0.007448134,0.034258971,0.033294436,0.979425466,0.920807453,0.924692252,30.41121243,
3330,0.007446991,0.033777269,0.033313617,0.979037267,0.922360248,0.924692252,30.50145773,
3340,0.007446127,0.033774497,0.033312404,0.979037267,0.922360248,0.924692252,30.59272084,
3350,0.007445795,0.033773794,0.033311758,0.979037267,0.922360248,0.924692252,30.68323375,
3360,0.007446115,0.033771376,0.033313844,0.979037267,0.922360248,0.924692252,30.77413415,
3370,0.007445934,0.033775218,0.033318846,0.979037267,0.922360248,0.924692252,30.86431889,
3380,0.00744667,0.033768906,0.033307339,0.979425466,0.922360248,0.924692252,30.95467471,
3390,0.007446612,0.034496837,0.033303743,0.979425466,0.920807453,0.924692252,31.04724222,
3400,0.007447773,0.034404253,0.033295642,0.979425466,0.920807453,0.924692252,31.13788119,
3410,0.00744678,0.034319418,0.033300109,0.979425466,0.920807453,0.924692252,31.228833,
3420,0.007445482,0.034139933,0.033317414,0.979037267,0.920807453,0.924692252,31.31931736,
3430,0.00744553,0.034274724,0.033318695,0.979037267,0.920807453,0.924692252,31.4090036,
3440,0.007444598,0.034551424,0.033318931,0.979037267,0.920807453,0.924692252,31.5008428,
3450,0.007443684,0.034550542,0.033314353,0.979037267,0.920807453,0.926140478,31.59189046,
3460,0.007443563,0.034547529,0.033311528,0.979037267,0.920807453,0.926140478,31.68324763,
3470,0.007443314,0.034544387,0.03330796,0.979037267,0.920807453,0.926140478,31.77481771,
3480,0.007443805,0.034542389,0.033308631,0.979037267,0.920807453,0.926140478,31.87189568,
3490,0.007443657,0.03455103,0.033321393,0.979037267,0.920807453,0.924692252,31.9629264,
3500,0.007443841,0.034554565,0.033325753,0.979037267,0.920807453,0.924692252,32.05315676,
3510,0.007443392,0.034551885,0.033321223,0.979037267,0.920807453,0.924692252,32.14513613,
3520,0.007443296,0.034542977,0.033310081,0.979425466,0.920807453,0.924692252,32.23515902,
3530,0.007443465,0.034543745,0.033316536,0.979037267,0.920807453,0.924692252,32.32827241,
3540,0.007444132,0.034539233,0.033314137,0.979037267,0.920807453,0.924692252,32.41907078,
3550,0.007444583,0.034541006,0.033324016,0.979037267,0.920807453,0.924692252,32.50836648,
3560,0.007444992,0.034536466,0.033315319,0.979037267,0.920807453,0.924692252,32.59889981,
3570,0.007444992,0.034533321,0.033311477,0.979425466,0.920807453,0.924692252,32.68779589,
3580,0.007444702,0.034534078,0.03331449,0.979425466,0.920807453,0.924692252,32.77758686,
3590,0.007444774,0.03453351,0.033319232,0.979425466,0.920807453,0.924692252,32.86707217,
3600,0.007445155,0.034526712,0.033310531,0.979425466,0.920807453,0.924692252,32.95904675,
3610,0.007444954,0.034531388,0.033318043,0.979425466,0.920807453,0.924692252,33.0501622,
3620,0.007444635,0.034531091,0.033315646,0.979425466,0.920807453,0.924692252,33.14255507,
3630,0.007445388,0.034530715,0.033313716,0.979425466,0.920807453,0.924692252,33.23296559,
3640,0.007444994,0.034535772,0.033321751,0.979425466,0.920807453,0.924692252,33.32924651,
3650,0.007444246,0.034542246,0.033327621,0.979425466,0.920807453,0.924692252,33.41945855,
3660,0.007444544,0.034533845,0.03330706,0.979425466,0.920807453,0.924692252,33.5091095,
3670,0.007444048,0.034538454,0.033324974,0.979425466,0.920807453,0.924692252,33.59984779,
3680,0.007442369,0.034540679,0.033326656,0.979425466,0.920807453,0.924692252,33.70078414,
3690,0.00744113,0.034541101,0.033329077,0.979425466,0.920807453,0.924692252,33.7933725,
3700,0.007442763,0.034542019,0.033324577,0.979425466,0.920807453,0.924692252,33.88484057,
3710,0.007442825,0.034543888,0.033328202,0.979425466,0.920807453,0.924692252,33.97660768,
3720,0.007636244,0.034542163,0.033330055,0.979037267,0.920807453,0.924692252,34.06907035,
3730,0.007441599,0.034544724,0.033339796,0.979425466,0.920807453,0.924692252,34.1626033,
3740,0.00744021,0.034546446,0.033335501,0.979425466,0.920807453,0.924692252,34.25204802,
3750,0.007439238,0.03454591,0.033335976,0.979425466,0.920807453,0.924692252,34.34323572,
3760,0.007440492,0.034535771,0.033326146,0.979425466,0.920807453,0.924692252,34.43459562,
3770,0.007440709,0.034541499,0.033331109,0.979425466,0.920807453,0.924692252,34.52649189,
3780,0.007440207,0.034544742,0.033328438,0.979425466,0.920807453,0.924692252,34.62186522,
3790,0.007439539,0.034548868,0.033323747,0.979425466,0.920807453,0.924692252,34.71307687,
3800,0.00743949,0.034551486,0.033317306,0.979425466,0.920807453,0.924692252,34.80401268,
3810,0.007439635,0.034556228,0.033322116,0.979425466,0.920807453,0.926140478,34.89530883,
3820,0.007439613,0.034550449,0.033318642,0.979425466,0.920807453,0.924692252,34.98405459,
3830,0.007438963,0.034551749,0.033329675,0.979425466,0.920807453,0.924692252,35.07481107,
3840,0.007438482,0.034551213,0.033329314,0.979425466,0.920807453,0.924692252,35.16645647,
3850,0.0074391,0.034547742,0.033324499,0.979425466,0.920807453,0.924692252,35.25880269,
3860,0.007438351,0.034549836,0.033328637,0.979425466,0.920807453,0.924692252,35.34987117,
3870,0.00743755,0.034549816,0.033324928,0.979425466,0.920807453,0.925416365,35.44034859,
3880,0.007436367,0.034549283,0.033326508,0.979425466,0.920807453,0.925416365,35.53121863,
3890,0.007629632,0.034549358,0.033321076,0.979037267,0.920807453,0.925416365,35.62174336,
3900,0.007630932,0.034249479,0.033324715,0.979037267,0.920807453,0.926140478,35.71358975,
3910,0.007436211,0.03423584,0.033338844,0.979425466,0.920807453,0.925416365,35.80449086,
3920,0.007435318,0.034353895,0.033335481,0.979425466,0.920807453,0.925416365,35.8952338,
3930,0.007435233,0.033876231,0.033339878,0.979037267,0.922360248,0.925416365,35.98693477,
3940,0.007607453,0.033816306,0.033342935,0.978649068,0.922360248,0.925416365,36.07607208,
3950,0.007434592,0.033785965,0.033337334,0.979037267,0.922360248,0.925416365,36.16587347,
3960,0.007434414,0.033007494,0.033336586,0.979037267,0.923913043,0.925416365,36.25648983,
3970,0.007434682,0.03300211,0.033330983,0.979425466,0.923913043,0.925416365,36.34856171,
3980,0.007433964,0.03300757,0.033340344,0.979037267,0.923913043,0.925416365,36.43911212,
3990,0.007433029,0.03300818,0.033342764,0.979037267,0.923913043,0.925416365,36.52927579,
4000,0.007432447,0.033006281,0.033341987,0.979037267,0.923913043,0.925416365,36.6189989,
4010,0.0074332,0.03300696,0.033343237,0.979037267,0.923913043,0.925416365,36.70889326,
4020,0.007433676,0.033009037,0.03334807,0.979037267,0.923913043,0.925416365,36.8012698,
4030,0.007433628,0.033014115,0.033352856,0.979037267,0.923913043,0.925416365,36.89459704,
4040,0.007433246,0.033011995,0.03334142,0.979425466,0.923913043,0.925416365,36.98494975,
4050,0.007433904,0.033012408,0.03334132,0.979425466,0.923913043,0.925416365,37.07522334,
4060,0.007433762,0.033783054,0.033694273,0.979425466,0.922360248,0.924692252,37.16573751,
4070,0.00743332,0.033784234,0.033696087,0.979425466,0.922360248,0.924692252,37.25577999,
4080,0.007433164,0.033789092,0.033700862,0.979425466,0.922360248,0.924692252,37.34727721,
4090,0.007432761,0.033789182,0.03369988,0.979425466,0.922360248,0.924692252,37.43913861,
4100,0.007433161,0.0337889,0.033701343,0.979425466,0.922360248,0.924692252,37.52958957,
4110,0.007432618,0.033792352,0.033703377,0.979425466,0.922360248,0.924692252,37.61946071,
4120,0.00743152,0.033793115,0.033702332,0.979425466,0.922360248,0.924692252,37.71046953,
4130,0.007430727,0.033795353,0.0337061,0.979425466,0.922360248,0.924692252,37.80324257,
4140,0.007431901,0.033789008,0.033700742,0.979425466,0.922360248,0.924692252,37.89446045,
4150,0.007430473,0.033797745,0.033717059,0.979425466,0.922360248,0.924692252,37.98579268,
4160,0.007430471,0.033789733,0.033702728,0.979425466,0.922360248,0.924692252,38.07704468,
4170,0.007429465,0.033792654,0.033707502,0.979425466,0.922360248,0.924692252,38.16826256,
4180,0.007429347,0.033793882,0.033711071,0.979425466,0.922360248,0.924692252,38.25863968,
4190,0.007429681,0.033793726,0.033712061,0.979425466,0.922360248,0.924692252,38.348576,
4200,0.007430113,0.033792988,0.033714212,0.979425466,0.922360248,0.924692252,38.43768522,
4210,0.00743001,0.03379411,0.033716722,0.979425466,0.922360248,0.924692252,38.53129324,
4220,0.007429026,0.033796653,0.0337187,0.979425466,0.922360248,0.924692252,38.62108266,
4230,0.007429014,0.033799148,0.033718099,0.979425466,0.922360248,0.924692252,38.71190918,
4240,0.007428827,0.033797432,0.033711517,0.979425466,0.922360248,0.924692252,38.8273562,
4250,0.007429095,0.033796253,0.033709909,0.979425466,0.922360248,0.924692252,38.92369187,
4260,0.007429705,0.033794412,0.033708411,0.979425466,0.922360248,0.924692252,39.01281081,
4270,0.007429657,0.03380004,0.0337173,0.979425466,0.922360248,0.924692252,39.1042137,
4280,0.0074292,0.033800218,0.03371632,0.979425466,0.922360248,0.924692252,39.20154395,
4290,0.007429404,0.033797665,0.033713742,0.979425466,0.922360248,0.924692252,39.29243745,
4300,0.007429421,0.033796557,0.033712828,0.979425466,0.922360248,0.924692252,39.38192449,
4310,0.007429011,0.033797634,0.033716137,0.979425466,0.922360248,0.924692252,39.47394741,
4320,0.007429044,0.033800276,0.033718071,0.979425466,0.922360248,0.924692252,39.56416678,
4330,0.007429809,0.033790462,0.033698181,0.979425466,0.922360248,0.924692252,39.65633151,
4340,0.007428473,0.033800366,0.033718214,0.979425466,0.922360248,0.924692252,39.75089034,
4350,0.007427851,0.033794756,0.033714343,0.979425466,0.922360248,0.924692252,39.84543066,
4360,0.007426622,0.033783547,0.033701554,0.979425466,0.922360248,0.924692252,39.94117557,
4370,0.007426455,0.033734531,0.033652258,0.979425466,0.922360248,0.924692252,40.04281412,
4380,0.007426985,0.033657553,0.033615721,0.979425466,0.922360248,0.924692252,40.13937387,
4390,0.007427382,0.033630469,0.033608527,0.979425466,0.922360248,0.924692252,40.231995,
4400,0.007427583,0.033743557,0.033685027,0.979425466,0.922360248,0.924692252,40.32792291,
4410,0.007427429,0.033684736,0.033663023,0.979425466,0.922360248,0.924692252,40.41855518,
4420,0.007426839,0.03361489,0.033626023,0.979425466,0.922360248,0.924692252,40.51200096,
4430,0.007427398,0.033544505,0.033591523,0.979425466,0.922360248,0.924692252,40.60521699,
4440,0.007426985,0.033214243,0.033427858,0.979425466,0.923913043,0.925416365,40.69582598,
4450,0.007426741,0.033533707,0.033555866,0.979425466,0.922360248,0.924692252,40.78724169,
4460,0.007425368,0.033583068,0.033563545,0.979425466,0.922360248,0.926140478,40.88128669,
4470,0.007425149,0.033555919,0.033544918,0.979425466,0.922360248,0.926140478,40.97506458,
4480,0.007425619,0.033405515,0.033447668,0.979425466,0.922360248,0.924692252,41.06713731,
4490,0.007424981,0.033677541,0.033607372,0.979425466,0.922360248,0.924692252,41.15939,
4500,0.007425058,0.033531267,0.033562033,0.979425466,0.922360248,0.924692252,41.24798164,
4510,0.007424596,0.033422829,0.033512332,0.979037267,0.922360248,0.924692252,41.33978103,
4520,0.007424834,0.033366864,0.033496293,0.979037267,0.922360248,0.924692252,41.43008312,
4530,0.007424554,0.033391943,0.033503977,0.979037267,0.922360248,0.924692252,41.52203771,
4540,0.007424461,0.033283562,0.033419542,0.979037267,0.923913043,0.925416365,41.61311994,
4550,0.007424121,0.033673135,0.033553457,0.979037267,0.920807453,0.924692252,41.70758239,
4560,0.007424499,0.034222631,0.033685677,0.979037267,0.920807453,0.924692252,41.80399532,
4570,0.007424241,0.03424015,0.033699039,0.979037267,0.920807453,0.924692252,41.89768854,
4580,0.007424946,0.034249683,0.033686605,0.979037267,0.920807453,0.926140478,41.99453718,
4590,0.007424106,0.034399405,0.033683314,0.979037267,0.920807453,0.924692252,42.08677978,
4600,0.007424176,0.034409394,0.033691182,0.979037267,0.920807453,0.926140478,42.17895184,
4610,0.007423861,0.034371322,0.033700819,0.979037267,0.920807453,0.926140478,42.27010759,
4620,0.007423521,0.034346598,0.033690319,0.979037267,0.920807453,0.924692252,42.3657654,
4630,0.007423206,0.034200264,0.033597213,0.979037267,0.920807453,0.924692252,42.45625402,
4640,0.007423515,0.034342492,0.033635558,0.979037267,0.920807453,0.924692252,42.54624996,
4650,0.007422912,0.034536237,0.033719145,0.979037267,0.920807453,0.925416365,42.63881803,
4660,0.007422682,0.034530871,0.033714157,0.979037267,0.920807453,0.924692252,42.73065716,
4670,0.007422352,0.034533232,0.0337072,0.979037267,0.920807453,0.926140478,42.82441229,
4680,0.007422127,0.03454117,0.033705431,0.979037267,0.920807453,0.924692252,42.91495394,
4690,0.007421737,0.033916935,0.033414661,0.979037267,0.922360248,0.925416365,43.0053611,
4700,0.007421465,0.033875902,0.033396915,0.979037267,0.922360248,0.925416365,43.09612126,
4710,0.007422467,0.033809632,0.0333648,0.979037267,0.922360248,0.925416365,43.18983362,
4720,0.007422165,0.033807638,0.033367049,0.979037267,0.922360248,0.925416365,43.28170282,
4730,0.007422026,0.033807896,0.033364771,0.979037267,0.922360248,0.925416365,43.37953569,
4740,0.007422199,0.033807469,0.033362025,0.979037267,0.922360248,0.925416365,43.47132727,
4750,0.007421969,0.033811261,0.033368449,0.979037267,0.922360248,0.925416365,43.56250055,
4760,0.007421862,0.033809481,0.033363759,0.979037267,0.922360248,0.925416365,43.6528297,
4770,0.007421552,0.033816689,0.033373498,0.979037267,0.922360248,0.925416365,43.74539836,
4780,0.007421704,0.033813052,0.033368022,0.979037267,0.922360248,0.925416365,43.83854734,
4790,0.007421806,0.033813315,0.033368733,0.979037267,0.922360248,0.925416365,43.92947223,
4800,0.007421776,0.033815118,0.033373742,0.979037267,0.922360248,0.925416365,44.01947932,
4810,0.0074216,0.033811112,0.03337361,0.979037267,0.922360248,0.925416365,44.11027818,
4820,0.007421555,0.033809584,0.03337888,0.979037267,0.922360248,0.925416365,44.19997305,
4830,0.007421544,0.033810185,0.033379258,0.979037267,0.922360248,0.925416365,44.29422545,
4840,0.007421449,0.033809931,0.03337706,0.979037267,0.922360248,0.925416365,44.38920916,
4850,0.007421439,0.033809379,0.033375774,0.979037267,0.922360248,0.925416365,44.4818531,
4860,0.00742142,0.033809702,0.033377323,0.979037267,0.922360248,0.925416365,44.57458971,
4870,0.007421484,0.03380896,0.033374209,0.979037267,0.922360248,0.925416365,44.66479844,
4880,0.007421774,0.033804137,0.03336751,0.979037267,0.922360248,0.925416365,44.75617352,
4890,0.007421337,0.033804096,0.033370326,0.979037267,0.922360248,0.925416365,44.84914416,
4900,0.007420926,0.033807674,0.033372883,0.979037267,0.922360248,0.925416365,44.93995524,
4910,0.007421427,0.033805631,0.033362857,0.979037267,0.922360248,0.925416365,45.03148241,
4920,0.007421043,0.03380864,0.033366613,0.979037267,0.922360248,0.925416365,45.12086822,
4930,0.007421289,0.033813063,0.0333701,0.979037267,0.922360248,0.925416365,45.21258908,
4940,0.007421648,0.033817888,0.033376767,0.979037267,0.922360248,0.925416365,45.30247476,
4950,0.007421826,0.033814124,0.033371964,0.979037267,0.922360248,0.925416365,45.39341973,
4960,0.007420419,0.034595126,0.03338494,0.979037267,0.920807453,0.925416365,45.48387182,
4970,0.007420301,0.034590027,0.033374961,0.979037267,0.920807453,0.925416365,45.5763654,
4980,0.007420062,0.034591337,0.033376216,0.979037267,0.920807453,0.925416365,45.66788108,
4990,0.007420259,0.034587744,0.033370828,0.979037267,0.920807453,0.925416365,45.75866845,
5000,0.007420186,0.034589381,0.033373529,0.979037267,0.920807453,0.925416365,45.84828122,
5001,0.008658085,0.03518725,0.031954597,0.977096273,0.914596273,0.932657495,45.8574258,optimal